[{"id":"user-image-Untitled-2.jpg","publicUrl":"np://user.desktop.nicepage.com/Site_2557401525/images/Untitled-2.jpg","size":166547,"hash":"PeycxcgVfOhdIx6Rcw89qzTurYo=","fileName":"Untitled-2.jpg","name":"Untitled-2","width":1380,"height":920,"thumbnail":{"url":"np://user.desktop.nicepage.com/Site_2557401525/images/thumbnails/Untitled-2.jpg","width":250,"height":167},"folderId":null,"originalUrl":"https://assets.nicepagecdn.com/d2cc3eaa/2346534/images/Untitled-2.jpg","usages":["493517886"]},{"id":"user-image-aa49e5bbcb321c65e1d4ba4d4afa599b.png","publicUrl":"np://user.desktop.nicepage.com/Site_2557401525/images/aa49e5bbcb321c65e1d4ba4d4afa599b.png","size":21223,"hash":"GDO/JkPg674DZc5oitWfRhBPIhw=","fileName":"aa49e5bbcb321c65e1d4ba4d4afa599b.png","name":"aa49e5bbcb321c65e1d4ba4d4afa599b","width":817,"height":799,"thumbnail":{"url":"np://user.desktop.nicepage.com/Site_2557401525/images/thumbnails/aa49e5bbcb321c65e1d4ba4d4afa599b.png","width":250,"height":244},"folderId":null,"originalUrl":"//images01.nicepagecdn.com/aa/49/aa49e5bbcb321c65e1d4ba4d4afa599b.png","usages":["493517886"]},{"id":"user-image-pexels-photo-3914752.jpg","publicUrl":"np://user.desktop.nicepage.com/Site_2557401525/images/pexels-photo-3914752.jpg","size":99254,"hash":"1pKix00mX6t8h9cM3mdy4mvfFaI=","fileName":"pexels-photo-3914752.jpg","name":"pexels-photo-3914752","width":1503,"height":1080,"thumbnail":{"url":"np://user.desktop.nicepage.com/Site_2557401525/images/thumbnails/pexels-photo-3914752.jpg","width":250,"height":180},"folderId":null,"originalUrl":"//images01.nicepagecdn.com/a1389d7bc73adea1e1c1fb7e/e6aafe75c27457318a5f4539/pexels-photo-3914752.jpg","usages":["110478974"]},{"id":"user-image-Double.png","publicUrl":"np://user.desktop.nicepage.com/Site_2557401525/images/Double.png","size":211364,"hash":"ymfxx4AGe/ReFaoJd64w2VUL/kM=","fileName":"Double.png","name":"Double","width":3304,"height":556,"thumbnail":{"url":"np://user.desktop.nicepage.com/Site_2557401525/images/thumbnails/Double.png","width":250,"height":42},"folderId":null,"usages":[]},{"id":"user-image-pexels-burst-374820.jpg","publicUrl":"np://user.desktop.nicepage.com/Site_2557401525/images/pexels-burst-374820.jpg","size":282994,"hash":"f9yBSjGjg0ANWJAiPLXIQBJjbSs=","fileName":"pexels-burst-374820.jpg","name":"pexels-burst-374820","width":1920,"height":1280,"thumbnail":{"url":"np://user.desktop.nicepage.com/Site_2557401525/images/thumbnails/pexels-burst-374820.jpg","width":250,"height":167},"folderId":null,"originalUrl":"https://assets.nicepagecdn.com/11a8ddce/3424446/images/pexels-burst-374820.jpg","usages":["37322906"]},{"id":"user-image-smiling-female-business-leader-with-arms-crossed.jpg","publicUrl":"np://user.desktop.nicepage.com/Site_2557401525/images/smiling-female-business-leader-with-arms-crossed.jpg","size":60053,"hash":"BeInLPtgnhbrGAge28bBcOlSUhY=","fileName":"smiling-female-business-leader-with-arms-crossed.jpg","name":"smiling-female-business-leader-with-arms-crossed","width":1620,"height":1080,"thumbnail":{"url":"np://user.desktop.nicepage.com/Site_2557401525/images/thumbnails/smiling-female-business-leader-with-arms-crossed.jpg","width":250,"height":167},"folderId":null,"originalUrl":"//images01.nicepagecdn.com/a1389d7bc73adea1e1c1fb7e/56aa161d850b51ff83a06b9c/smiling-female-business-leader-with-arms-crossed.jpg","usages":["242914458"]},{"id":"user-image-group-people-working-out-business-plan-office.jpg","publicUrl":"np://user.desktop.nicepage.com/Site_2557401525/images/group-people-working-out-business-plan-office.jpg","size":97044,"hash":"WREHVvWMfKIjLa6sEaBvcnDyXEo=","fileName":"group-people-working-out-business-plan-office.jpg","name":"group-people-working-out-business-plan-office","width":1280,"height":853,"thumbnail":{"url":"np://user.desktop.nicepage.com/Site_2557401525/images/thumbnails/group-people-working-out-business-plan-office.jpg","width":250,"height":167},"folderId":null,"originalUrl":"//images01.nicepagecdn.com/a1389d7bc73adea1e1c1fb7e/4d43ceb63cc259428cb37921/group-people-working-out-business-plan-office.jpg","usages":["37322906"]},{"id":"user-image-planning-risk-strategy-project-management-business.jpg","publicUrl":"np://user.desktop.nicepage.com/Site_2557401525/images/planning-risk-strategy-project-management-business.jpg","size":58844,"hash":"5EoQOr/vh//B88asd1WZ4/fZ6VE=","fileName":"planning-risk-strategy-project-management-business.jpg","name":"planning-risk-strategy-project-management-business","width":1500,"height":1000,"thumbnail":{"url":"np://user.desktop.nicepage.com/Site_2557401525/images/thumbnails/planning-risk-strategy-project-management-business.jpg","width":250,"height":167},"folderId":null,"originalUrl":"//images01.nicepagecdn.com/a1389d7bc73adea1e1c1fb7e/2c1b7079072b50a5b3f68f8c/planning-risk-strategy-project-management-business.jpg","usages":["37322906"]},{"id":"user-image-front-view-team-meeting-mock-up.jpg","publicUrl":"np://user.desktop.nicepage.com/Site_2557401525/images/front-view-team-meeting-mock-up.jpg","size":91352,"hash":"VDqkNPXguaFyLXa6mTk3L3iJGis=","fileName":"front-view-team-meeting-mock-up.jpg","name":"front-view-team-meeting-mock-up","width":1280,"height":853,"thumbnail":{"url":"np://user.desktop.nicepage.com/Site_2557401525/images/thumbnails/front-view-team-meeting-mock-up.jpg","width":250,"height":167},"folderId":null,"originalUrl":"//images01.nicepagecdn.com/a1389d7bc73adea1e1c1fb7e/1b30859eb975565caff9537a/front-view-team-meeting-mock-up.jpg","usages":["37322906"]},{"id":"user-image-female-work-brainstorming.jpg","publicUrl":"np://user.desktop.nicepage.com/Site_2557401525/images/female-work-brainstorming.jpg","size":100899,"hash":"D3Ha2IlUr3zDo8mIU84BOIe+vJE=","fileName":"female-work-brainstorming.jpg","name":"female-work-brainstorming","width":1500,"height":1000,"thumbnail":{"url":"np://user.desktop.nicepage.com/Site_2557401525/images/thumbnails/female-work-brainstorming.jpg","width":250,"height":167},"folderId":null,"originalUrl":"//images01.nicepagecdn.com/a1389d7bc73adea1e1c1fb7e/32037b0791a95987aececbcd/female-work-brainstorming.jpg","usages":["37322906"]},{"id":"user-image-16758708_rm405-da01-04-mockup.jpg","publicUrl":"np://user.desktop.nicepage.com/Site_2557401525/images/16758708_rm405-da01-04-mockup.jpg","size":109324,"hash":"4PBuiQ6mUTklKtaDLlH4haAwKvk=","fileName":"16758708_rm405-da01-04-mockup.jpg","name":"16758708_rm405-da01-04-mockup","width":1620,"height":1080,"thumbnail":{"url":"np://user.desktop.nicepage.com/Site_2557401525/images/thumbnails/16758708_rm405-da01-04-mockup.jpg","width":250,"height":167},"folderId":null,"originalUrl":"//images01.nicepagecdn.com/a1389d7bc73adea1e1c1fb7e/b09e15f3b6455f3aaa179069/16758708_rm405-da01-04-mockup.jpg","usages":["37322906"]},{"id":"user-image-workers-considering-term-agreement.jpg","publicUrl":"np://user.desktop.nicepage.com/Site_2557401525/images/workers-considering-term-agreement.jpg","size":93289,"hash":"4UVAZcTBxayPJK35TouU30sAkSw=","fileName":"workers-considering-term-agreement.jpg","name":"workers-considering-term-agreement","width":1280,"height":853,"thumbnail":{"url":"np://user.desktop.nicepage.com/Site_2557401525/images/thumbnails/workers-considering-term-agreement.jpg","width":250,"height":167},"folderId":null,"originalUrl":"//images01.nicepagecdn.com/a1389d7bc73adea1e1c1fb7e/0634f7b27f5a5add92e8ff1d/workers-considering-term-agreement.jpg","usages":["70165990"]},{"id":"user-image-favicon.png","publicUrl":"np://user.desktop.nicepage.com/Site_2557401525/images/favicon.png","size":79683,"hash":"rdbKgLuoP6MrYddmsroZLyjKs/8=","fileName":"favicon.png","name":"favicon","width":2490,"height":1882,"thumbnail":{"url":"np://user.desktop.nicepage.com/Site_2557401525/images/thumbnails/favicon.png","width":250,"height":189},"folderId":null,"usages":[]}]