[{"id":65565696,"title":"Blog Template","order":1,"templateKey":"blog","customTemplate":false,"customTemplateFilename":null,"pageLinks":[],"dateCreated":"2023-10-03T14:59:54.725Z","dateUpdated":"2023-10-03T14:59:56.860Z","folderId":null,"pageName":"Blog Template","serverPageId":null,"status":2,"backwardUrl":null},{"id":15287180,"title":"Post Template","order":2,"templateKey":"post","customTemplate":false,"customTemplateFilename":null,"pageLinks":[],"dateCreated":"2023-10-03T14:59:54.917Z","dateUpdated":"2023-10-03T14:59:56.861Z","folderId":null,"pageName":"Post Template","serverPageId":null,"status":2,"backwardUrl":null},{"id":128702374,"title":"Product List Template","order":3,"templateKey":"products","customTemplate":false,"customTemplateFilename":null,"pageLinks":[],"dateCreated":"2023-10-03T14:59:55.120Z","dateUpdated":"2023-10-03T14:59:56.861Z","folderId":null,"pageName":"Product List Template","serverPageId":null,"status":2,"backwardUrl":null},{"id":264075135,"title":"Product Details Template","order":4,"templateKey":"product","customTemplate":false,"customTemplateFilename":null,"pageLinks":[],"dateCreated":"2023-10-03T14:59:55.344Z","dateUpdated":"2023-10-03T14:59:56.861Z","folderId":null,"pageName":"Product Details Template","serverPageId":null,"status":2,"backwardUrl":null},{"id":873927719,"title":"Shopping Cart Template","order":5,"templateKey":"cart","customTemplate":false,"customTemplateFilename":null,"pageLinks":[],"dateCreated":"2023-10-03T14:59:55.533Z","dateUpdated":"2023-10-03T14:59:56.861Z","folderId":null,"pageName":"Shopping Cart Template","serverPageId":null,"status":2,"backwardUrl":null},{"id":960023922,"title":"Checkout Template","order":6,"templateKey":"checkout","customTemplate":false,"customTemplateFilename":null,"pageLinks":[],"dateCreated":"2023-10-03T14:59:55.789Z","dateUpdated":"2023-10-03T14:59:56.861Z","folderId":null,"pageName":"Checkout Template","serverPageId":null,"status":2,"backwardUrl":null},{"id":785701354,"title":"Login Template","order":7,"templateKey":"login","customTemplate":false,"customTemplateFilename":null,"pageLinks":[],"dateCreated":"2023-10-03T14:59:55.944Z","dateUpdated":"2023-10-03T14:59:56.861Z","folderId":null,"pageName":"Login Template","serverPageId":null,"status":2,"backwardUrl":null},{"id":102973368,"title":"Page Password Template","order":8,"templateKey":"password","customTemplate":false,"customTemplateFilename":null,"pageLinks":[],"dateCreated":"2023-10-03T14:59:56.053Z","dateUpdated":"2023-10-03T14:59:56.862Z","folderId":null,"pageName":"Page Password Template","serverPageId":null,"status":2,"backwardUrl":null},{"id":74361511,"title":"404 Not Found Template","order":9,"templateKey":"404","customTemplate":false,"customTemplateFilename":null,"pageLinks":[],"dateCreated":"2023-10-03T14:59:56.182Z","dateUpdated":"2023-10-03T14:59:56.862Z","folderId":null,"pageName":"404 Not Found Template","serverPageId":null,"status":2,"backwardUrl":null},{"id":310411347,"title":"Thank You Page Template","order":10,"templateKey":"ThankYou","customTemplate":false,"customTemplateFilename":null,"pageLinks":[],"dateCreated":"2023-10-03T14:59:56.273Z","dateUpdated":"2023-10-03T14:59:56.862Z","folderId":null,"pageName":"Thank You Page Template","serverPageId":null,"status":2,"backwardUrl":null},{"id":70165990,"title":"Home","order":50,"templateKey":null,"customTemplate":false,"customTemplateFilename":null,"pageLinks":["70165990","493517886"],"dateCreated":"2023-10-03T15:02:16.339Z","dateUpdated":"2023-10-03T17:37:39.887Z","folderId":null,"pageName":"Home_70165990","serverPageId":null,"status":2,"backwardUrl":null},{"id":110478974,"title":"About","order":100,"templateKey":null,"customTemplate":false,"customTemplateFilename":null,"pageLinks":["70165990"],"dateCreated":"2023-10-03T14:59:56.346Z","dateUpdated":"2023-10-03T17:33:23.432Z","folderId":null,"pageName":"About_110478974","serverPageId":null,"status":2,"backwardUrl":null},{"id":242914458,"title":"Contact","order":101,"templateKey":null,"customTemplate":false,"customTemplateFilename":null,"pageLinks":["70165990"],"dateCreated":"2023-10-03T14:59:56.407Z","dateUpdated":"2023-10-03T18:16:42.870Z","folderId":null,"pageName":"Contact_242914458","serverPageId":null,"status":2,"backwardUrl":null},{"id":37322906,"title":"Services","order":102,"templateKey":null,"customTemplate":false,"customTemplateFilename":null,"pageLinks":[],"dateCreated":"2023-10-03T15:59:38.516Z","dateUpdated":"2023-10-03T16:57:05.429Z","folderId":null,"pageName":"Services_37322906","serverPageId":null,"status":2,"backwardUrl":null},{"id":493517886,"title":"Consulting","order":103,"templateKey":null,"customTemplate":false,"customTemplateFilename":null,"pageLinks":["70165990"],"dateCreated":"2023-10-03T16:27:07.592Z","dateUpdated":"2023-10-03T17:33:50.088Z","folderId":null,"pageName":"Consulting_493517886","serverPageId":null,"status":2,"backwardUrl":null}]